{
    "distributor": {
        "proxy": "0x86E8C4e7549fBCa7eba1AefBdBc23993F721e5CA",
        "rewardsSupplied": 5.11875e+24,
        "rewardsRate": 1.9875488905e+17,
        "totalRewards": 5118750000000000000000000
    }
}